aa,A,C,G,U
ALA,-0.595795613362033,-0.658410011040595,-0.963744649389825,-0.668566795230517
ARG,-0.719538594871134,-0.656710173902606,-0.838847663794605,-0.747217804432723
ASN,-1.04230019189676,-0.82968428424136,-1.10872534849882,-1.14109001568122
ASP,-0.974811722581227,-0.692107909538566,-1.15332314207474,-0.855786290491096
CYS,-2.20463386321058,-1.24293593764336,-1.78986545695878,-1.55842335306118
GLN,-1.10482424439691,-0.888665350091105,-1.27745301261074,-1.14322991228442
GLU,-0.728833504651674,-0.589911299175605,-0.94518578916502,-0.802813403984882
GLY,-0.805738205239399,-0.696510019164665,-0.871740953813088,-0.866035635069444
HIS,-1.52862971382546,-1.31776225627101,-1.40051893616184,-1.47311495873308
ILE,-0.888582437002089,-0.48867893126945,-0.813672967455955,-0.98851988330411
LEU,-0.637552713155184,-0.223669606198997,-0.511417710706485,-0.801841352628734
LYS,-0.665561235554327,-0.639941139481695,-0.645154608989322,-0.793431808962783
MET,-1.35380850731154,-1.36328272543164,-1.47045630564997,-1.60649384074819
PHE,-1.30909941684755,-0.874239794947377,-0.859578429707171,-1.3060033261335
PRO,-1.32073829365026,-0.816584395636064,-0.937742537647632,-0.940069165395493
SER,-0.949835160528001,-0.816040446336954,-0.843965117767715,-0.872800920127379
THR,-0.976020671069137,-0.80452126806511,-0.886472881890389,-1.00199032022976
TRP,-1.71588460662783,-1.43255809292835,-2.1679083992316,-1.80117406276046
TYR,-1.19426457092117,-0.886290559308202,-1.28004031804966,-1.41067876782766
VAL,-0.892792517970949,-0.508251463729087,-0.656004845988248,-0.813252353267226
